{"version":"0.4","title":"Neighborhood 2","type":"page","content":[{"id":"63920c1","settings":{"section_layout":"","content_width":{"unit":"px","size":"1000"},"height":"min-height","custom_height":{"unit":"px","size":"840"},"section_background":"","background_background":"video","background_position":"center center","background_size":"cover","background_video_fallback":{"id":3747893,"url":"https:\/\/contempo-media.s3.amazonaws.com\/elementor-two-demo\/uploads\/2020\/05\/lj-2.jpg"},"background_overlay_title":"","background_overlay_background":"classic","background_overlay_color":"#010026","background_overlay_opacity":{"unit":"px","size":"0.65"},"section_border":"","box_shadow_box_shadow":{"horizontal":0,"vertical":0,"blur":10,"spread":0,"inset":"","color":"rgba(0,0,0,0.5)"},"section_typo":"","section_advanced":"","padding_tablet":{"unit":"px","top":"50","right":"50","bottom":"50","left":"50","isLinked":true},"padding_mobile":{"unit":"px","top":"80","right":"30","bottom":"80","left":"30","isLinked":false},"_section_responsive":"","heading_visibility":"","responsive_description":"","background_overlay_section":"","background_video_start":40,"background_video_end":120,"margin":{"unit":"px","top":"0","right":0,"bottom":"0","left":0,"isLinked":false},"padding":{"unit":"px","top":"0","right":"0","bottom":"0","left":"0","isLinked":false}},"elements":[{"id":"223b2532","settings":{"_column_size":100,"_inline_size":null,"section_style":"","box_shadow_box_shadow":{"horizontal":0,"vertical":0,"blur":10,"spread":0,"inset":"","color":"rgba(0,0,0,0.5)"},"section_typo":"","section_advanced":"","section_responsive":"","screen_sm":"default","screen_sm_width":"100","screen_xs":"default","screen_xs_width":"100","space_between_widgets":0},"elements":[{"id":"1dac5749","settings":{"section_title":"","title":"La Jolla","link":{"is_external":"","url":""},"size":"large","header_size":"h1","align":"center","section_title_style":"","title_color":"#ffffff","typography_typography":"custom","typography_font_size":{"unit":"px","size":104},"typography_font_size_mobile":{"unit":"px","size":45},"typography_font_family":"Poppins","typography_letter_spacing":{"unit":"px","size":"-3"},"_section_style":"","_padding":{"unit":"px","top":"0","right":"0","bottom":"0","left":"0","isLinked":true},"_section_background":"","_box_shadow_box_shadow":{"horizontal":0,"vertical":0,"blur":10,"spread":0,"inset":"","color":"rgba(0,0,0,0.5)"},"_section_responsive":"","responsive_description":"","typography_font_weight":"600","_animation":"fadeIn","_animation_delay":100},"elements":[],"isInner":false,"widgetType":"heading","elType":"widget"},{"id":"645608ad","settings":{"section_editor":"","editor":"<p>A Beautiful Hilly Seaside Community.<\/p>","section_style":"","align":"center","text_color":"rgba(255,255,255,0.73)","typography_typography":"custom","typography_font_size":{"unit":"px","size":"21"},"typography_font_size_mobile":{"unit":"px","size":"17"},"typography_font_family":"Lora","typography_line_height":{"unit":"em","size":1.8},"_section_style":"","_section_background":"","_box_shadow_box_shadow":{"horizontal":0,"vertical":0,"blur":10,"spread":0,"inset":"","color":"rgba(0,0,0,0.5)"},"_section_responsive":"","responsive_description":"","_animation":"fadeIn","_animation_delay":200,"_margin":{"unit":"px","top":"0","right":"0","bottom":"0","left":"0","isLinked":false},"_padding":{"unit":"px","top":"0","right":"0","bottom":"0","left":"0","isLinked":false}},"elements":[],"isInner":false,"widgetType":"text-editor","elType":"widget"},{"id":"6eb52765","settings":{"section_button":"","text":"Search the MLS","link":{"is_external":"","url":"https:\/\/contempothemes.com\/wp-real-estate-7\/elementor-two-demo\/?ct_city=la-jolla&search-listings=true"},"align":"center","align_mobile":"center","icon_align":"right","icon_indent":{"unit":"px","size":16},"section_style":"","typography_typography":"custom","typography_font_family":"Poppins","typography_font_weight":"500","typography_line_height":{"unit":"em","size":"1"},"typography_letter_spacing":{"unit":"px","size":0.7},"background_color":"#03b5c3","border_color":"#4054b2","border_radius":{"unit":"px","top":"3","right":"3","bottom":"3","left":"3","isLinked":true},"text_padding":{"unit":"px","top":"18","right":"40","bottom":"18","left":"40","isLinked":false},"section_hover":"","hover_color":"#ffffff","button_background_hover_color":"rgba(3,181,195,0.9)","_section_style":"","_padding_mobile":{"unit":"px","top":"0","right":"0","bottom":"0","left":"0","isLinked":false},"_section_background":"","_box_shadow_box_shadow":{"horizontal":0,"vertical":0,"blur":10,"spread":0,"inset":"","color":"rgba(0,0,0,0.5)"},"_section_responsive":"","responsive_description":"","_animation":"fadeIn","_animation_delay":300,"_margin":{"unit":"px","top":"10","right":"0","bottom":"0","left":"0","isLinked":false},"_padding":{"unit":"px","top":"0","right":"0","bottom":"0","left":"0","isLinked":false}},"elements":[],"isInner":false,"widgetType":"button","elType":"widget"}],"isInner":false,"elType":"column"}],"isInner":false,"elType":"section"},{"id":"11db8fea","settings":{"gap":"no","custom_height":{"unit":"px","size":800},"content_position":"middle","background_color":"#000000","padding":{"unit":"px","top":"60","right":"0","bottom":"60","left":"0","isLinked":false},"structure":"30","padding_tablet":{"unit":"px","top":"100","right":"25","bottom":"100","left":"25","isLinked":false},"padding_mobile":{"unit":"px","top":"50","right":"20","bottom":"50","left":"20","isLinked":false},"border_border":"solid","border_width":{"unit":"px","top":"0","right":"0","bottom":"1","left":"0","isLinked":false},"border_color":"#d5d9dd","border_radius":{"unit":"px","top":"0","right":"0","bottom":"0","left":"0","isLinked":false},"animation":"fadeIn","animation_delay":100},"elements":[{"id":"6b945401","settings":{"_column_size":33,"_inline_size":null,"_inline_size_mobile":50},"elements":[{"id":"a9584ba","settings":{"starting_number":1,"ending_number":1.6,"title":"Median List Price","number_color":"#bfbfbf","typography_number_typography":"custom","typography_number_font_size":{"unit":"px","size":85},"typography_number_font_weight":"100","title_color":"#000000","typography_title_typography":"custom","typography_title_font_size":{"unit":"px","size":15},"typography_title_font_weight":"600","typography_title_text_transform":"uppercase","typography_title_letter_spacing":{"unit":"px","size":5},"typography_number_font_size_tablet":{"unit":"px","size":65},"typography_number_font_size_mobile":{"unit":"px","size":55},"typography_title_font_size_tablet":{"unit":"px","size":12},"typography_title_font_size_mobile":{"unit":"px","size":10},"typography_title_letter_spacing_mobile":{"unit":"px","size":2},"prefix":"$","suffix":"M"},"elements":[],"isInner":false,"widgetType":"counter","elType":"widget"}],"isInner":false,"elType":"column"},{"id":"176e59ff","settings":{"_column_size":33,"_inline_size":null,"_inline_size_mobile":50,"padding_mobile":{"unit":"px","top":"40","right":"0","bottom":"0","left":"0","isLinked":false}},"elements":[{"id":"13b1c90a","settings":{"starting_number":1,"ending_number":206,"title":"Homes for Sale","number_color":"#bfbfbf","typography_number_typography":"custom","typography_number_font_size":{"unit":"px","size":85},"typography_number_font_weight":"100","title_color":"#000000","typography_title_typography":"custom","typography_title_font_size":{"unit":"px","size":15},"typography_title_font_weight":"600","typography_title_text_transform":"uppercase","typography_title_letter_spacing":{"unit":"px","size":5},"typography_number_font_size_tablet":{"unit":"px","size":65},"typography_number_font_size_mobile":{"unit":"px","size":55},"typography_title_font_size_tablet":{"unit":"px","size":12},"typography_title_font_size_mobile":{"unit":"px","size":10},"typography_title_letter_spacing_mobile":{"unit":"px","size":2}},"elements":[],"isInner":false,"widgetType":"counter","elType":"widget"}],"isInner":false,"elType":"column"},{"id":"2aea837a","settings":{"_column_size":33,"_inline_size":null,"_inline_size_mobile":50,"padding_mobile":{"unit":"px","top":"40","right":"0","bottom":"0","left":"0","isLinked":false}},"elements":[{"id":"e29b89b","settings":{"starting_number":1,"ending_number":23,"title":"Recently Sold","number_color":"#bfbfbf","typography_number_typography":"custom","typography_number_font_size":{"unit":"px","size":85},"typography_number_font_weight":"100","title_color":"#000000","typography_title_typography":"custom","typography_title_font_size":{"unit":"px","size":15},"typography_title_font_weight":"600","typography_title_text_transform":"uppercase","typography_title_letter_spacing":{"unit":"px","size":5},"typography_number_font_size_tablet":{"unit":"px","size":65},"typography_number_font_size_mobile":{"unit":"px","size":55},"typography_title_font_size_tablet":{"unit":"px","size":12},"typography_title_font_size_mobile":{"unit":"px","size":10},"typography_title_letter_spacing_mobile":{"unit":"px","size":2},"_margin":{"unit":"px","top":"0","right":"0","bottom":"0","left":"0","isLinked":false},"_padding":{"unit":"px","top":"0","right":"0","bottom":"0","left":"0","isLinked":false}},"elements":[],"isInner":false,"widgetType":"counter","elType":"widget"}],"isInner":false,"elType":"column"}],"isInner":false,"elType":"section"},{"id":"65449675","settings":{"gap":"no","custom_height":{"unit":"px","size":900},"content_position":"middle","structure":"30","padding":{"unit":"px","top":"40","right":"0","bottom":"40","left":"0","isLinked":false},"padding_tablet":{"unit":"px","top":"100","right":"25","bottom":"100","left":"25","isLinked":false},"padding_mobile":{"unit":"px","top":"50","right":"20","bottom":"50","left":"20","isLinked":false}},"elements":[{"id":"5d47a2eb","settings":{"_column_size":33,"_inline_size":null,"padding":{"unit":"px","top":"25","right":"25","bottom":"25","left":"25","isLinked":true},"padding_tablet":{"unit":"px","top":"10","right":"10","bottom":"10","left":"10","isLinked":true},"padding_mobile":{"unit":"px","top":"0","right":"0","bottom":"0","left":"0","isLinked":true}},"elements":[{"id":"1fa1af6","settings":{"title":"A Hilly Seaside Community","align":"left","title_color":"#000000","typography_typography":"custom","typography_font_size":{"unit":"px","size":50},"typography_font_weight":"300","typography_font_size_tablet":{"unit":"px","size":45},"typography_font_size_mobile":{"unit":"px","size":35},"header_size":"h3","_animation":"fadeInUp","_animation_delay":100},"elements":[],"isInner":false,"widgetType":"heading","elType":"widget"},{"id":"30e6c2b","settings":{"image":{"id":3747894,"url":"https:\/\/contempo-media.s3.amazonaws.com\/elementor-two-demo\/uploads\/2020\/05\/lj-shores-1.jpg"},"hover_animation":"grow","align_mobile":"left","space_mobile":{"unit":"%","size":50},"_padding_mobile":{"unit":"px","top":"20","right":"20","bottom":"0","left":"0","isLinked":false},"_animation":"fadeInUp","_animation_delay":200,"_border_radius":{"unit":"px","top":"3","right":"3","bottom":"3","left":"3","isLinked":true}},"elements":[],"isInner":false,"widgetType":"image","elType":"widget"}],"isInner":false,"elType":"column"},{"id":"67a5e872","settings":{"_column_size":33,"_inline_size":null,"padding":{"unit":"px","top":"25","right":"25","bottom":"25","left":"25","isLinked":true},"padding_tablet":{"unit":"px","top":"10","right":"10","bottom":"10","left":"10","isLinked":true},"padding_mobile":{"unit":"px","top":"25","right":"0","bottom":"0","left":"0","isLinked":false}},"elements":[{"id":"2f3ed10f","settings":{"image":{"id":3747896,"url":"https:\/\/contempo-media.s3.amazonaws.com\/elementor-two-demo\/uploads\/2020\/05\/lj-shores-2-1.jpg"},"hover_animation":"grow","align_mobile":"right","space_mobile":{"unit":"%","size":50},"_margin_mobile":{"unit":"px","top":"-135","right":"0","bottom":"0","left":"0","isLinked":false},"_padding_mobile":{"unit":"px","top":"0","right":"0","bottom":"0","left":"20","isLinked":false},"_animation":"fadeInUp","_animation_delay":300,"_border_radius":{"unit":"px","top":"3","right":"3","bottom":"3","left":"3","isLinked":true}},"elements":[],"isInner":false,"widgetType":"image","elType":"widget"},{"id":"5ddb10ef","settings":{"editor":"<p>La Jolla is an affluent neighborhood in San Diego, California. It occupies 7 miles of curving coastline along the Pacific Ocean within the northern city limits.<\/p>","typography_typography":"custom","typography_font_size":{"unit":"px","size":""},"typography_line_height":{"unit":"em","size":2},"typography_font_weight":"normal","_padding_mobile":{"unit":"px","top":"20","right":"0","bottom":"20","left":"0","isLinked":false},"_animation":"fadeInUp","_animation_delay":400},"elements":[],"isInner":false,"widgetType":"text-editor","elType":"widget"}],"isInner":false,"elType":"column"},{"id":"5221a657","settings":{"_column_size":33,"_inline_size":null,"padding":{"unit":"px","top":"25","right":"25","bottom":"25","left":"25","isLinked":true},"_inline_size_mobile":100,"padding_tablet":{"unit":"px","top":"10","right":"10","bottom":"10","left":"10","isLinked":true},"padding_mobile":{"unit":"px","top":"0","right":"0","bottom":"0","left":"0","isLinked":true}},"elements":[{"id":"308612b","settings":{"image":{"id":3747895,"url":"https:\/\/contempo-media.s3.amazonaws.com\/elementor-two-demo\/uploads\/2020\/05\/lj-shopping-1.jpg"},"hover_animation":"grow","_padding":{"unit":"px","top":"100","right":"0","bottom":"0","left":"0","isLinked":false},"image_size":"full","_padding_mobile":{"unit":"px","top":"0","right":"0","bottom":"0","left":"0","isLinked":true},"_animation":"fadeInUp","_animation_delay":500,"_border_radius":{"unit":"px","top":"3","right":"3","bottom":"3","left":"3","isLinked":true}},"elements":[],"isInner":false,"widgetType":"image","elType":"widget"}],"isInner":false,"elType":"column"}],"isInner":false,"elType":"section"},{"id":"166ff84c","settings":{"margin":{"unit":"px","top":"0","right":0,"bottom":"20","left":0,"isLinked":false},"gap":"wide","structure":"20"},"elements":[{"id":"279974f","settings":{"_column_size":50,"_inline_size":null},"elements":[{"id":"2b3a812f","settings":{"editor":"<p>The 2004 estimated population of the 92037 ZIP code was 42,808\u00a0while the La Jolla community planning area had an estimated population of 31,746 in 2010. La Jolla is surrounded on three sides by ocean bluffs and beaches\u00a0and is located 12 miles north of Downtown San Diego, and 40 miles (64\u00a0km) south of Orange County California.\u00a0The climate is mild, with an average daily temperature of 70.5\u00a0\u00b0F.<\/p><p>La Jolla is home to a variety of businesses in the areas of lodging, dining, shopping, software, finance, real estate, bio-engineering, medical practice and scientific research. The University of California, San Diego (UCSD) is located in La Jolla, as are the Salk Institute, Scripps Institution of Oceanography (part of UCSD), Scripps Research Institute, and the headquarters of National University.<\/p><h4>Attractions<\/h4><p>La Jolla is the location of Torrey Pines Golf Course, site each January or February of a PGA Tour event formerly known as the Buick Invitational and \u2013 since 2010 \u2013 called the Farmers Insurance Open. In 2008, Torrey Pines also hosted the 2008 U.S. Open.<\/p><h4>Home Values<\/h4><p>The median home value in La Jolla is $1,594,900. La Jolla home values have gone up 6.0% over the past year and Zillow predicts they will rise 2.2% within the next. The median rent price in La Jolla is $4,800, which is higher than the San Diego median of $2,300.<\/p>","_animation":"fadeInUp","_animation_delay":100},"elements":[],"isInner":false,"widgetType":"text-editor","elType":"widget"}],"isInner":false,"elType":"column"},{"id":"3f0e7371","settings":{"_column_size":50,"_inline_size":null},"elements":[{"id":"7ab28ee3","settings":{"address":"La Jolla Shores, La Jolla CA","height":{"unit":"px","size":400,"sizes":[]},"_animation":"fadeInUp","_animation_delay":200,"_border_radius":{"unit":"px","top":"3","right":"3","bottom":"3","left":"3","isLinked":true}},"elements":[],"isInner":false,"widgetType":"google_maps","elType":"widget"},{"id":"1bf11fbf","settings":{"editor":"<h4>Neighborhoods<\/h4>","_animation":"fadeInUp","_animation_delay":300},"elements":[],"isInner":false,"widgetType":"text-editor","elType":"widget"},{"id":"1c511af2","settings":{"structure":"20","animation_delay":400},"elements":[{"id":"2bca0fa3","settings":{"_column_size":50,"_inline_size":null},"elements":[{"id":"77c7ab44","settings":{"icon_list":[{"text":"La Jolla Farms","selected_icon":{"value":"fas fa-check","library":"fa-solid"},"link":{"url":"","is_external":"","nofollow":"","custom_attributes":""},"_id":"73e5789"},{"text":"La Jolla Shores","selected_icon":{"value":"fas fa-check","library":"fa-solid"},"link":{"url":"","is_external":"","nofollow":"","custom_attributes":""},"_id":"9dee116"},{"text":"La Jolla Heights","selected_icon":{"value":"fas fa-check","library":"fa-solid"},"link":{"url":"","is_external":"","nofollow":"","custom_attributes":""},"_id":"d994f02"},{"text":"Hidden Valley","selected_icon":{"value":"fas fa-check","library":"fa-solid"},"link":{"url":"","is_external":"","nofollow":"","custom_attributes":""},"_id":"4ff084a"},{"text":"Country Club","selected_icon":{"value":"fas fa-check","library":"fa-solid"},"link":{"url":"","is_external":"","nofollow":"","custom_attributes":""},"_id":"560b281"},{"text":"Village","selected_icon":{"value":"fas fa-check","library":"fa-solid"},"link":{"url":"","is_external":"","nofollow":"","custom_attributes":""},"_id":"44ea22b"}],"text_indent":{"unit":"px","size":10,"sizes":[]},"_animation":"fadeInUp","_animation_delay":400},"elements":[],"isInner":false,"widgetType":"icon-list","elType":"widget"}],"isInner":true,"elType":"column"},{"id":"201a7e98","settings":{"_column_size":50,"_inline_size":null},"elements":[{"id":"3834242c","settings":{"icon_list":[{"text":"Lower Hermosa","selected_icon":{"value":"fas fa-check","library":"fa-solid"},"link":{"url":"","is_external":"","nofollow":"","custom_attributes":""},"_id":"73e5789"},{"text":"Bird Rock","selected_icon":{"value":"fas fa-check","library":"fa-solid"},"link":{"url":"","is_external":"","nofollow":"","custom_attributes":""},"_id":"9dee116"},{"text":"Muirlands","selected_icon":{"value":"fas fa-check","library":"fa-solid"},"link":{"url":"","is_external":"","nofollow":"","custom_attributes":""},"_id":"d994f02"},{"text":"La Jolla Mesa","selected_icon":{"value":"fas fa-check","library":"fa-solid"},"link":{"url":"","is_external":"","nofollow":"","custom_attributes":""},"_id":"4ff084a"},{"text":"La Jolla Alta","selected_icon":{"value":"fas fa-check","library":"fa-solid"},"link":{"url":"","is_external":"","nofollow":"","custom_attributes":""},"_id":"560b281"}],"text_indent":{"unit":"px","size":10,"sizes":[]},"_animation":"fadeInUp","_animation_delay":600},"elements":[],"isInner":false,"widgetType":"icon-list","elType":"widget"}],"isInner":true,"elType":"column"}],"isInner":true,"elType":"section"}],"isInner":false,"elType":"column"}],"isInner":false,"elType":"section"},{"id":"7b9bf638","settings":{"animation":"fadeInUp","animation_delay":100,"margin":{"unit":"px","top":"60","right":0,"bottom":"100","left":0,"isLinked":false}},"elements":[{"id":"199bf221","settings":{"_column_size":100},"elements":[{"id":"73cf1977","settings":{"city":"la-jolla","price_min":"0","idx":"yes","number":"6","exclude_sold":"sold"},"elements":[],"isInner":false,"widgetType":"ct-listings-grid","elType":"widget"}],"isInner":false,"elType":"column"}],"isInner":false,"elType":"section"}]}